01.jpg	217	7321	0.125253	0.22846	73	105	144
01.jpg	264	7319	0.101093	-0.207744	94	95	87
01.jpg	219	7049	-0.0342865	0.13249	120	90	61
01.jpg	130	3554	0.0694706	-0.185077	140	141	136
01.jpg	492	1858	-0.0902537	0.184327	45	45	47
01.jpg	1	8882	0.0779992	0.24139	88	105	114
01.jpg	20	7575	-0.0982397	0.129334	42	52	79
01.jpg	160	6399	0.00265646	-0.211062	30	33	26
01.jpg	344	1668	-0.0856473	0.208873	24	24	24
01.jpg	285	8701	0.198149	0.20779	42	57	76
01.jpg	287	992	0.329818	-0.0118695	55	64	67
01.jpg	336	7153	0.15731	0.140562	170	153	122
01.jpg	120	8349	-0.0562389	0.129994	40	49	68
01.jpg	262	6096	0.244793	0.117631	148	149	143
01.jpg	261	5106	0.239971	-0.174734	206	214	217
01.jpg	265	4708	0.0722879	-0.182472	87	88	83
01.jpg	127	7537	0.021247	0.190843	76	80	89
01.jpg	269	7579	-0.112417	0.111497	37	51	77
01.jpg	56	7972	0.217199	0.212741	55	85	119
01.jpg	51	3729	0.0965724	0.10047	127	91	68
01.jpg	50	7564	0.154492	0.133921	146	129	86
01.jpg	53	6485	-0.102599	0.150633	105	103	85
01.jpg	417	7770	-0.106359	0.145598	44	49	68
01.jpg	298	7234	-0.106741	0.166211	38	40	52
01.jpg	413	4709	0.0722879	-0.182472	87	88	83
01.jpg	373	8601	0.0755667	-0.206705	147	156	151
01.jpg	197	7569	-0.113313	0.162084	39	43	55
01.jpg	393	3471	0.314304	-0.0166893	32	38	38
01.jpg	111	7784	0.213629	0.132304	150	159	154
01.jpg	395	7745	-0.0972364	0.146486	43	48	67
01.jpg	112	5775	0.0315042	0.0159089	183	132	87
01.jpg	278	1939	0.0990075	-0.199393	177	178	170
01.jpg	83	8700	0.198149	0.20779	42	57	76
01.jpg	399	3462	0.0716203	-0.204777	186	191	185
01.jpg	398	4668	0.139379	0.0510714	34	38	41
01.jpg	87	4041	0.0889152	-0.185172	82	83	77
01.jpg	84	990	0.329818	-0.0118695	55	64	67
01.jpg	85	1713	0.0826176	-0.186846	83	84	78
01.jpg	173	1929	0.0641512	-0.21187	101	103	98
01.jpg	367	7399	-0.0307642	0.107961	110	83	54
01.jpg	364	33	0.0178651	0.248061	61	65	64
01.jpg	308	3606	0.0713428	-0.215515	146	152	141
01.jpg	300	7185	0.0797147	0.123288	195	221	236
01.jpg	244	2426	-0.0685315	0.237954	27	24	19
01.jpg	108	6804	-0.0380914	0.126443	103	51	33
01.jpg	246	6986	0.160478	0.131029	170	152	114
01.jpg	100	8724	0.212691	0.190069	65	99	137
01.jpg	39	733	0.0916584	-0.186415	141	142	136
01.jpg	381	7547	-0.0417852	0.147043	107	42	45
01.jpg	420	4262	0.266025	0.114992	145	161	145
01.jpg	382	5204	-0.220504	0.113712	86	92	82
01.jpg	430	1452	0.0731172	-0.179194	136	138	133
01.jpg	458	5525	0.0732597	-0.197224	100	101	93
01.jpg	450	7702	-0.154632	0.0971152	37	52	72
01.jpg	452	3100	-0.0411969	0.115744	126	91	59
01.jpg	453	5391	0.208803	0.107759	215	215	203
01.jpg	331	5772	0.226443	0.123884	153	150	140
01.jpg	177	8771	0.0670516	-0.217606	95	98	87
01.jpg	175	5197	0.278147	0.0877986	149	161	155
01.jpg	256	2255	-0.197837	0.0467982	59	30	42
01.jpg	181	4143	0.276314	0.0908044	113	122	119
01.jpg	6	9175	0.0543644	0.170305	48	79	108
01.jpg	250	7570	-0.155676	0.104958	36	48	70
01.jpg	311	5136	-0.0974417	0.153401	41	45	62
01.jpg	469	2561	0.32302	-0.15048	213	229	229
01.jpg	464	1839	-0.0517699	0.0239462	159	114	80
01.jpg	99	155	0.133946	-0.199405	104	99	93
01.jpg	168	8158	-0.193434	0.0994254	36	47	64
01.jpg	166	1938	0.0990075	-0.199393	177	178	170
01.jpg	92	255	0.096433	-0.20045	102	103	95
01.jpg	223	5099	0.155969	0.156136	63	91	128
01.jpg	11	530	0.0778763	-0.197353	99	100	91
01.jpg	12	7330	0.222105	0.143452	61	95	133
01.jpg	19	8061	-0.100505	0.157414	38	44	58
01.jpg	150	8610	0.0896524	-0.206504	179	185	181
01.jpg	152	6081	0.0911139	-0.190466	90	91	85
01.jpg	159	6460	0.155653	0.150733	143	145	140
01.jpg	277	6018	0.0068177	0.22691	37	38	40
01.jpg	238	8618	0.212796	0.217726	76	105	141
01.jpg	279	8749	0.107506	-0.214969	178	179	174
01.jpg	235	1814	0.0984018	-0.195142	107	108	100
01.jpg	41	8268	-0.0245111	0.17403	40	45	62
01.jpg	322	7396	0.237214	0.108921	222	221	217
01.jpg	320	6969	0.0843046	-0.183384	144	146	141
01.jpg	327	8085	-0.21744	0.107351	37	47	59
01.jpg	202	2606	0.211212	0.104209	198	196	183
01.jpg	205	6088	0.199575	0.180059	158	165	152
01.jpg	207	7118	0.205069	0.152697	69	102	140
01.jpg	208	4072	-0.0590387	0.123466	52	49	62
01.jpg	148	8205	0.16061	0.156442	65	93	130
01.jpg	149	6874	0.00413465	-0.215545	169	170	168
01.jpg	76	554	0.091522	-0.180415	82	84	79
01.jpg	75	3140	-0.000472188	0.257518	77	54	26
01.jpg	72	5367	0.376741	0.0123533	100	135	142
01.jpg	483	2331	0.247838	-0.107494	148	150	147
01.jpg	356	6035	0.217033	-0.170423	116	116	104
01.jpg	477	7117	0.205069	0.152697	69	102	140
03.jpg	216	1195	-0.131682	-0.34133	153	167	168
03.jpg	214	5382	-0.192184	0.173089	72	61	29
03.jpg	212	6392	0.483487	-0.232132	77	85	64
03.jpg	210	7121	-0.0390913	0.267004	88	68	34
03.jpg	211	9097	-0.114665	0.21077	99	81	45
03.jpg	357	2052	-0.199758	0.202233	69	52	22
03.jpg	218	7750	0.432947	0.315795	43	39	26
03.jpg	219	8664	0.0599284	0.223506	90	73	40
03.jpg	133	7483	-0.104533	0.218462	89	73	39
03.jpg	132	6525	0.298126	-0.215264	183	192	189
03.jpg	131	2721	-0.114244	0.154251	102	94	73
03.jpg	136	8387	-0.142927	0.149158	90	83	64
03.jpg	135	6783	0.486284	-0.288969	56	60	45
03.jpg	90	9405	0.14406	0.323139	37	39	38
03.jpg	139	6523	-0.026647	0.216088	107	83	45
03.jpg	138	4720	-0.0307224	0.215623	107	83	47
03.jpg	93	7336	-0.134141	0.164001	88	77	57
03.jpg	24	7367	0.478786	-0.274954	71	73	59
03.jpg	26	7142	-0.100991	0.146846	94	83	63
03.jpg	27	3600	-0.375213	-0.285597	83	91	80
03.jpg	20	9195	0.0121911	0.306473	24	35	52
03.jpg	21	7924	-0.0252963	0.261166	110	92	50
03.jpg	22	8557	0.439371	-0.318016	119	123	109
03.jpg	23	7014	-0.0418071	0.317397	27	40	57
03.jpg	28	5229	-0.199787	0.121926	94	86	65
03.jpg	161	6930	-0.410989	-0.117938	14	36	65
03.jpg	289	5893	-0.186095	0.268644	16	34	35
03.jpg	288	8429	0.0202957	0.210713	95	70	36
03.jpg	346	6372	0.327331	-0.260425	158	163	156
03.jpg	347	7460	-0.0797023	0.272478	87	73	41
03.jpg	340	8002	-0.176493	0.272019	20	27	38
03.jpg	4	8347	0.369878	-0.258132	134	139	134
03.jpg	342	6250	0.193985	0.221009	44	49	52
03.jpg	343	9121	0.312243	0.272756	41	46	43
03.jpg	96	6385	-0.397193	-0.244905	51	57	47
03.jpg	285	9320	0.278293	0.0573411	18	34	47
03.jpg	284	9013	0.193039	0.197852	27	49	69
03.jpg	409	7295	0.372653	-0.323967	147	153	143
03.jpg	408	3533	-0.18941	0.153896	95	87	66
03.jpg	227	5377	-0.106491	0.270472	80	63	28
03.jpg	7	3267	-0.192302	0.0284063	77	68	51
03.jpg	10	8199	0.449203	-0.225729	129	138	133
03.jpg	341	8054	0.345251	-0.284519	164	167	158
03.jpg	325	8779	-0.0257637	0.316168	89	87	66
03.jpg	330	8248	-0.19394	0.144098	85	77	56
03.jpg	121	6629	0.00464225	0.207988	93	32	16
03.jpg	122	4186	0.042779	0.237415	29	30	43
03.jpg	123	7484	0.337508	-0.329372	136	142	132
03.jpg	124	3049	-0.172978	0.208003	84	69	38
03.jpg	125	6423	0.472786	-0.119421	38	43	44
03.jpg	126	8161	-0.0117372	0.316275	20	29	46
03.jpg	128	6974	0.282567	0.0427827	125	128	118
03.jpg	129	7051	0.000623345	-0.0519068	73	70	101
03.jpg	269	9135	-0.0406479	0.31286	25	38	57
03.jpg	268	4118	0.470834	-0.257098	111	119	104
03.jpg	364	3304	0.265421	0.248496	42	48	48
03.jpg	91	3009	-0.197252	0.266742	17	23	25
03.jpg	55	7362	0.366212	-0.308229	148	154	144
03.jpg	54	9094	0.392924	-0.269892	148	154	144
03.jpg	57	4805	0.474274	-0.27981	103	105	91
03.jpg	53	8812	0.0586321	0.33229	89	82	63
03.jpg	52	8970	0.399992	-0.335662	160	164	150
03.jpg	414	1167	0.30466	0.282858	69	52	22
03.jpg	378	7491	0.336154	-0.321815	140	146	136
03.jpg	416	6242	0.0956653	0.368077	28	29	31
03.jpg	417	9246	0.0450051	0.336967	21	31	43
03.jpg	411	3258	-0.18018	0.114677	89	81	60
03.jpg	298	9083	0.0915721	0.34904	19	26	34
03.jpg	299	4446	-0.0785241	0.150686	46	33	17
03.jpg	294	7368	0.478786	-0.274954	71	73	59
03.jpg	372	1420	-0.00534615	0.210603	106	73	41
03.jpg	292	5766	0.27639	0.041365	141	149	141
03.jpg	293	8511	0.37054	-0.265566	149	155	145
03.jpg	290	7591	0.268806	0.0696982	121	132	121
03.jpg	376	6915	-0.188385	0.234761	78	59	29
03.jpg	319	5745	0.463849	-0.255161	89	101	94
03.jpg	318	2793	-0.16589	0.271957	29	31	23
03.jpg	147	8862	0.416649	0.337012	133	125	102
03.jpg	195	5082	-0.11297	0.233903	98	80	44
03.jpg	194	9435	0.121737	0.293923	19	30	36
03.jpg	197	9077	0.0801572	0.36027	18	28	37
03.jpg	67	7159	-0.00718513	0.24332	88	63	22
03.jpg	191	4288	-0.141556	0.217641	73	37	13
03.jpg	190	5967	0.469229	-0.24357	66	79	70
03.jpg	193	6962	0.442589	-0.248788	59	65	61
03.jpg	192	3573	-0.186725	0.0354622	76	67	50
03.jpg	115	7752	0.0224312	0.307433	25	34	51
03.jpg	392	2237	-0.155588	0.0353597	107	92	73
03.jpg	88	7101	0.103433	0.168164	10	71	102
03.jpg	116	9066	0.343736	-0.267424	161	167	157
03.jpg	274	7167	-0.0430819	0.270845	21	28	47
03.jpg	110	3279	-0.124055	0.135744	84	76	52
03.jpg	395	9255	0.0532338	0.31799	20	29	44
03.jpg	69	6320	0.0884838	0.196324	86	72	45
03.jpg	80	7456	0.342624	-0.340752	144	150	137
03.jpg	81	4703	-0.172015	0.139149	78	70	51
03.jpg	119	6094	0.478908	-0.241796	73	80	63
03.jpg	118	8872	0.361651	-0.251747	166	172	168
03.jpg	352	2651	-0.0930296	0.0971829	91	78	62
03.jpg	174	5486	0.0365511	0.222853	96	70	35
03.jpg	304	7583	-0.144318	0.127038	88	80	61
03.jpg	140	8007	0.489924	-0.230083	139	147	126
03.jpg	344	5248	0.193172	0.353919	13	15	12
03.jpg	141	8338	0.0794079	-0.194214	211	211	197
03.jpg	491	2690	-0.191415	0.0166538	94	85	68
03.jpg	71	4769	-0.187888	0.0306533	72	63	46
03.jpg	3	5313	0.022667	0.325377	25	35	47
03.jpg	368	8512	0.295821	0.268997	45	50	44
03.jpg	366	6111	0.406683	-0.264512	135	140	133
03.jpg	367	8874	0.00819415	0.19914	89	65	37
03.jpg	423	9114	0.425446	-0.274767	114	120	110
03.jpg	365	9027	0.176197	0.347908	72	26	24
03.jpg	362	8274	0.27633	0.271527	82	66	33
03.jpg	363	6931	-0.410989	-0.117938	14	36	65
03.jpg	427	8116	0.406512	-0.256285	149	156	149
03.jpg	361	4707	0.367858	-0.124692	192	201	198
03.jpg	309	6476	-0.159963	0.151187	97	90	71
03.jpg	448	3936	-0.0466134	0.225367	109	86	44
03.jpg	443	6698	0.425087	-0.12386	187	193	191
03.jpg	442	8794	0.0388114	0.322786	81	75	58
03.jpg	441	4608	-0.0201844	0.261444	31	40	48
03.jpg	303	5442	0.29475	-0.21121	171	180	177
03.jpg	447	8630	0.0206366	0.316714	93	93	70
03.jpg	305	8897	0.301873	0.277824	82	67	38
03.jpg	306	4736	0.0602827	0.327711	30	32	45
03.jpg	307	7067	0.0481007	0.0820163	157	113	67
03.jpg	245	7434	-0.0689927	-0.336763	200	215	220
03.jpg	381	9007	0.0861945	0.245494	84	22	23
03.jpg	108	8672	0.0435145	0.222664	83	34	17
03.jpg	109	6791	-0.0989152	0.246339	87	64	30
03.jpg	241	7421	-0.0582624	0.217155	76	54	17
03.jpg	385	7413	-0.0997241	-0.327621	179	193	194
03.jpg	243	6043	-0.121713	0.22115	101	82	49
03.jpg	242	7983	-0.187451	0.186148	76	61	30
03.jpg	102	8325	-0.117616	0.180792	106	92	57
03.jpg	167	7951	0.370272	0.193988	76	100	110
03.jpg	106	5106	-0.0117638	0.0439315	108	110	109
03.jpg	107	9501	0.251667	0.239662	42	48	48
03.jpg	302	5810	0.266662	0.267526	76	64	39
03.jpg	105	4301	-0.115328	0.111657	97	86	68
03.jpg	380	3935	-0.0466134	0.225367	109	86	44
03.jpg	38	6999	0.0259377	-0.113362	75	77	103
03.jpg	33	7094	0.327673	0.182405	68	89	107
03.jpg	32	5332	0.47152	-0.23811	79	91	82
03.jpg	37	7889	-0.0966672	0.200611	98	75	43
03.jpg	36	8133	0.247971	0.0344284	146	147	140
03.jpg	34	6959	0.224643	0.0222204	61	96	136
03.jpg	445	7099	-0.0480811	0.225644	112	87	46
03.jpg	383	6745	-0.0718785	0.217393	108	90	53
03.jpg	377	8428	0.0202957	0.210713	95	70	36
03.jpg	436	8193	0.476752	-0.195382	93	98	94
03.jpg	437	1194	-0.131682	-0.34133	153	167	168
03.jpg	434	6723	0.477381	-0.282874	61	63	49
03.jpg	435	8112	-0.233046	-0.206125	163	137	122
03.jpg	432	3165	-0.121543	0.171355	72	59	25
03.jpg	431	7506	0.200649	0.338392	76	58	28
03.jpg	459	8241	0.250588	0.0425439	42	76	114
03.jpg	339	7698	-0.174945	0.0235516	93	84	65
03.jpg	338	5860	-0.10197	0.169261	102	88	51
03.jpg	335	6510	0.488381	-0.27205	94	98	83
03.jpg	334	9415	0.43727	-0.264864	25	31	27
03.jpg	452	7670	0.0158687	0.218104	106	76	42
03.jpg	387	1932	-0.371574	-0.286753	117	125	112
03.jpg	455	5636	0.067892	0.208841	85	66	33
03.jpg	456	5884	0.475924	-0.289098	97	98	85
03.jpg	61	6373	0.327331	-0.260425	158	163	156
03.jpg	62	6524	0.298126	-0.215264	183	192	189
03.jpg	63	8159	-0.121035	0.276456	22	38	47
03.jpg	64	8068	-0.0884306	-0.314684	180	196	196
03.jpg	65	5366	0.301885	-0.211452	91	101	92
03.jpg	179	5785	0.404813	0.330687	127	120	93
03.jpg	178	8966	-0.199049	0.269647	10	23	29
03.jpg	68	6374	0.465639	-0.227218	88	100	96
03.jpg	253	1155	-0.147583	0.131485	97	89	70
03.jpg	402	9024	0.362176	-0.261044	139	144	138
03.jpg	251	6692	0.467486	-0.253166	43	53	46
03.jpg	172	5765	0.27639	0.041365	141	149	141
03.jpg	171	5709	0.0580896	0.226152	87	71	47
03.jpg	407	7105	0.426443	0.174696	68	109	135
03.jpg	405	4143	0.329928	-0.257553	114	121	114
03.jpg	145	4528	0.0411433	0.216642	76	50	23
03.jpg	248	4546	0.326423	-0.153446	185	192	185
03.jpg	182	3259	-0.18018	0.114677	89	81	60
03.jpg	183	7287	0.485862	-0.251068	86	92	78
03.jpg	180	4441	0.298551	-0.208829	181	190	185
03.jpg	2	7743	-0.163118	0.023506	99	84	66
03.jpg	104	8960	0.286601	0.271429	84	67	36
03.jpg	185	5793	-0.108158	0.167611	89	76	42
03.jpg	188	4215	-0.0461861	0.326708	81	87	73
03.jpg	189	7626	-0.0325297	0.23932	111	88	44
03.jpg	311	8514	0.0687532	0.327077	23	29	41
03.jpg	187	7775	0.398325	-0.318564	150	153	142
03.jpg	196	8273	-0.0459251	-0.344107	209	228	232
03.jpg	221	5048	-0.149729	0.161282	100	92	73
03.jpg	97	7459	0.484058	-0.110408	135	140	136
03.jpg	465	8810	-0.1884	0.242248	76	27	12
03.jpg	317	5539	-0.168148	0.165727	83	75	54
03.jpg	400	3574	-0.186725	0.0354622	76	67	50
03.jpg	460	6388	0.477397	-0.121199	197	209	214
03.jpg	316	4709	-0.18487	0.23303	72	57	26
03.jpg	98	7709	-0.0872568	0.215622	109	90	57
03.jpg	315	6317	0.440601	-0.294468	100	117	109
03.jpg	229	9128	-0.16452	0.217909	82	66	33
03.jpg	228	6363	0.482303	-0.286675	111	113	99
03.jpg	164	5864	0.46968	-0.115665	182	188	187
03.jpg	165	3668	-0.013151	0.254304	109	86	45
03.jpg	225	7891	-0.155432	0.0655212	96	88	69
03.jpg	224	4240	-0.0948275	0.235684	67	48	15
03.jpg	95	6725	0.0450255	0.214876	99	74	43
03.jpg	222	5380	-0.374351	-0.306797	92	103	95
03.jpg	162	7623	0.382919	0.343815	71	66	47
03.jpg	220	9136	-0.167558	0.265814	78	61	31
03.jpg	424	3450	0.218688	0.0244516	45	78	119
03.jpg	13	7244	0.421174	0.315092	44	43	23
03.jpg	282	5483	0.0955122	0.359533	18	26	27
03.jpg	15	8854	-0.169129	0.17978	79	64	33
03.jpg	16	2650	-0.0930296	0.0971829	91	78	62
03.jpg	19	9260	0.0745496	0.332451	20	26	38
03.jpg	348	8344	-0.186683	0.135729	99	91	70
03.jpg	272	9289	0.258844	0.167317	41	68	98
03.jpg	354	6678	-0.139516	0.108529	101	92	75
03.jpg	446	6448	0.0384054	0.208601	81	58	27
03.jpg	273	7982	0.0361121	0.214408	91	66	35
03.jpg	266	4339	-0.130276	0.186126	92	78	43
03.jpg	397	6649	0.0500191	0.23261	91	78	50
03.jpg	388	5447	-0.108772	0.235936	99	81	45
03.jpg	151	4104	-0.0397176	0.261191	88	65	24
03.jpg	155	7923	0.00390553	0.217084	102	74	35
03.jpg	154	7345	-0.130258	0.168639	114	103	83
03.jpg	157	4239	-0.0948275	0.235684	67	48	15
03.jpg	158	1239	0.326566	0.18345	78	97	111
03.jpg	277	7609	0.262178	0.251258	17	23	23
03.jpg	70	7414	-0.0997241	-0.327621	179	193	194
03.jpg	239	9243	-0.0971707	0.207743	92	29	14
03.jpg	469	5814	-0.0795311	-0.312308	182	200	204
03.jpg	237	8675	0.45774	-0.244581	88	101	94
03.jpg	231	3934	-0.0466134	0.225367	109	86	44
03.jpg	232	3172	0.272106	0.0366876	40	75	114
03.jpg	233	8132	0.247971	0.0344284	146	147	140
03.jpg	375	9079	0.279017	-0.341244	238	254	251
03.jpg	48	3899	-0.120434	0.234267	98	79	44
03.jpg	49	4229	-0.382567	-0.231635	110	73	56
03.jpg	86	6107	-0.141968	0.0645704	92	81	63
03.jpg	45	8680	-0.0474365	0.32373	93	87	71
03.jpg	42	8676	0.45774	-0.244581	88	101	94
03.jpg	355	3824	-0.0930221	0.197096	98	80	44
03.jpg	41	9248	0.150002	0.245363	23	29	41
03.jpg	1	9401	0.300908	0.185535	65	85	95
03.jpg	323	7744	0.00898844	0.25278	24	31	47
03.jpg	321	8342	-0.0553523	-0.303883	197	215	215
03.jpg	326	8160	-0.0117372	0.316275	20	29	46
03.jpg	324	6095	0.478908	-0.241796	73	80	63
03.jpg	464	6592	-0.000536144	0.180677	130	87	53
03.jpg	9	7475	0.490311	-0.11823	192	105	117
03.jpg	328	7050	0.000623345	-0.0519068	73	70	101
03.jpg	333	4619	-0.0032528	-0.16453	92	92	118
03.jpg	374	8683	-0.109558	0.150597	69	61	42
03.jpg	146	5718	-0.389654	-0.243886	59	60	50
03.jpg	200	6089	0.380088	-0.289881	151	157	147
03.jpg	466	7785	-0.0875363	0.272699	90	76	44
03.jpg	142	9026	-0.0456987	0.263719	108	86	45
03.jpg	143	7666	-0.0978293	0.271317	95	75	40
03.jpg	207	3341	-0.0149181	0.0422181	24	26	25
03.jpg	206	1251	-0.178459	0.0242793	107	95	75
03.jpg	209	4096	-0.137223	0.129568	107	96	76
03.jpg	208	8172	0.0225776	0.247705	32	34	56
03.jpg	475	1233	-0.0705834	0.246132	59	36	5
03.jpg	419	7381	0.456388	-0.314963	120	123	114
03.jpg	77	7068	0.0481007	0.0820163	157	113	67
03.jpg	75	5557	0.310983	0.281683	56	42	16
03.jpg	74	7662	0.437663	0.253519	68	88	95
03.jpg	489	5600	0.270316	0.0404383	150	160	141
03.jpg	488	5813	-0.0235658	0.318883	103	103	84
03.jpg	486	9474	0.21384	0.336869	75	56	25
03.jpg	462	6856	-0.0931153	0.228731	101	85	51
03.jpg	482	5318	0.29957	0.0740384	49	84	126
03.jpg	79	5888	0.491798	-0.220288	91	100	83
03.jpg	78	5615	0.473894	-0.272965	130	134	120
03.jpg	451	525	-0.133399	0.210294	89	73	40
03.jpg	404	8581	0.1163	0.267532	72	24	24
03.jpg	472	6117	0.409531	-0.262009	92	98	91
03.jpg	473	7264	0.48561	-0.131701	205	226	231
03.jpg	470	4035	-0.0900491	0.232925	70	54	20
03.jpg	471	4006	-0.151987	0.145621	109	102	83
03.jpg	353	4708	-0.142067	0.273531	64	62	40
03.jpg	477	3342	-0.0149181	0.0422181	24	26	25
03.jpg	351	6531	0.486892	-0.222375	130	143	123
03.jpg	47	7174	0.336248	-0.315776	157	161	147
03.jpg	267	5209	-0.114883	0.162136	107	99	78
03.jpg	478	5881	-0.158065	0.265482	69	52	22
03.jpg	479	8251	-0.0741318	0.275465	21	34	50
03.jpg	421	6993	0.195286	0.211295	44	52	55
03.jpg	359	2427	0.230138	0.353287	74	59	30
03.jpg	169	1925	-0.177497	0.268882	61	54	28
05.jpg	215	8288	-0.204803	0.229033	246	253	246
05.jpg	213	7048	0.352875	-0.276703	185	204	208
05.jpg	137	6665	-0.26982	0.139292	159	155	117
05.jpg	134	8173	-0.390863	0.231814	41	88	130
05.jpg	490	8298	-0.0977262	0.326597	76	119	127
05.jpg	25	6000	0.243551	-0.317728	187	205	205
05.jpg	29	4571	0.373349	-0.255008	184	202	206
05.jpg	0	8601	-0.203342	0.274415	53	98	137
05.jpg	403	6339	-0.293874	0.186523	73	121	139
05.jpg	281	8335	-0.448978	0.159813	57	109	149
05.jpg	280	7072	-0.325196	-0.241149	83	98	95
05.jpg	285	8554	-0.412214	0.257458	28	50	71
05.jpg	286	6883	-0.44882	0.0361589	89	79	49
05.jpg	120	550	0.00172746	-0.079829	25	30	21
05.jpg	260	8444	0.025556	0.326932	139	146	129
05.jpg	265	6948	0.240154	-0.208246	74	93	91
05.jpg	264	8086	0.304479	-0.227047	75	94	88
05.jpg	332	8182	-0.11744	0.338024	83	124	130
05.jpg	59	8065	0.199269	0.199233	44	72	83
05.jpg	58	8272	-0.260939	0.334011	45	90	132
05.jpg	56	8181	-0.419166	0.289541	52	96	141
05.jpg	50	7675	-0.26625	0.186031	158	154	116
05.jpg	379	1885	0.319705	-0.294465	159	180	183
05.jpg	415	7769	0.258382	-0.1855	146	166	165
05.jpg	410	3308	0.269708	-0.182094	105	125	120
05.jpg	412	7269	-0.444322	0.285225	56	103	147
05.jpg	413	6947	0.240154	-0.208246	74	93	91
05.jpg	371	7944	-0.241401	0.244527	59	101	132
05.jpg	370	8427	0.279809	-0.256761	105	139	140
05.jpg	295	8486	0.282229	-0.191728	159	184	181
05.jpg	418	8363	0.297708	-0.261103	191	210	204
05.jpg	291	7610	-0.293183	0.177579	160	157	126
05.jpg	198	7943	-0.186271	0.229087	203	220	212
05.jpg	313	6771	0.221044	-0.300917	161	179	183
05.jpg	312	8245	-0.362749	0.219432	50	101	144
05.jpg	203	6326	-0.0396267	0.335814	85	116	131
05.jpg	314	8018	-0.105071	-0.269206	177	191	202
05.jpg	114	8009	-0.304197	0.299363	47	98	145
05.jpg	117	7246	0.401905	0.0606947	94	118	120
05.jpg	89	8405	0.266765	-0.230264	139	164	158
05.jpg	111	8185	-0.250024	0.256438	143	167	169
05.jpg	275	7398	-0.44993	0.146327	91	131	153
05.jpg	276	7244	0.247545	-0.175455	97	119	117
05.jpg	112	6762	-0.342713	-0.0570282	191	164	111
05.jpg	82	8358	-0.19484	0.254076	227	243	236
05.jpg	83	8555	-0.412214	0.257458	28	50	71
05.jpg	399	7602	0.245719	-0.251646	161	185	183
05.jpg	87	5154	0.26984	-0.196944	96	117	112
05.jpg	429	5665	0.240013	-0.322446	152	170	168
05.jpg	428	7315	-0.446431	0.235025	55	107	154
05.jpg	369	7052	-0.0307838	0.329574	71	108	118
05.jpg	422	6754	0.228326	-0.229642	129	153	147
05.jpg	360	8481	-0.17319	0.214738	219	236	230
05.jpg	426	7057	0.335652	-0.257813	167	186	190
05.jpg	449	5634	-0.232146	0.182408	158	153	115
05.jpg	345	5452	-0.255125	-0.0289641	169	137	88
05.jpg	301	7041	0.26568	0.193116	75	118	140
05.jpg	440	8197	-0.279181	0.356409	50	95	137
05.jpg	444	8020	-0.177127	-0.0178748	191	163	119
05.jpg	296	7335	0.186306	0.220148	89	100	83
05.jpg	247	2203	-0.20717	-0.082524	74	57	42
05.jpg	246	7517	-0.257685	0.192225	176	172	137
05.jpg	384	6833	-0.00411561	0.319508	79	114	127
05.jpg	240	5602	-0.358385	0.301739	51	102	149
05.jpg	386	7423	-0.254606	0.234408	61	105	144
05.jpg	103	7880	-0.378685	0.220038	152	176	178
05.jpg	100	8524	-0.375773	0.277802	49	100	147
05.jpg	249	7568	0.297448	-0.296612	175	194	198
05.jpg	31	7078	-0.300111	0.204354	57	109	149
05.jpg	30	7314	-0.446431	0.235025	55	107	154
05.jpg	35	7970	0.288771	-0.158699	109	125	124
05.jpg	438	7131	0.232731	-0.321336	188	204	203
05.jpg	439	8332	-0.175462	0.342231	82	119	135
05.jpg	433	8122	-0.263268	0.215062	160	159	126
05.jpg	337	8273	-0.260939	0.334011	45	90	132
05.jpg	336	8172	-0.280681	0.191345	167	166	136
05.jpg	454	5920	-0.0175419	0.0634716	139	97	57
05.jpg	457	7123	-0.0581186	0.30709	85	124	139
05.jpg	258	7870	-0.378794	0.322909	60	108	156
05.jpg	259	5687	0.217456	-0.281659	167	189	187
05.jpg	66	8248	-0.441181	0.266254	65	116	163
05.jpg	389	8418	-0.337345	0.213014	45	90	131
05.jpg	252	6176	-0.255021	-0.0356423	182	150	101
05.jpg	176	6160	0.24792	-0.303071	149	167	167
05.jpg	175	7497	-0.106483	0.336231	146	167	162
05.jpg	173	6798	0.232425	-0.270747	88	109	102
05.jpg	257	8287	-0.204803	0.229033	246	253	246
05.jpg	254	8180	-0.419166	0.289541	52	96	141
05.jpg	170	4735	-0.202854	0.262506	88	119	136
05.jpg	406	8032	-0.0992891	0.26564	205	228	222
05.jpg	186	6500	0.22762	-0.299205	181	200	204
05.jpg	184	7672	-0.274014	-0.0209761	190	158	109
05.jpg	468	8656	-0.0739112	0.288227	215	234	230
05.jpg	467	7846	-0.201804	0.213669	147	144	107
05.jpg	461	7387	0.324808	-0.27344	175	199	201
05.jpg	8	6823	-0.22869	0.245022	139	148	126
05.jpg	226	3732	0.229785	-0.264231	129	155	152
05.jpg	223	6581	-0.313153	0.197307	52	103	146
05.jpg	94	7686	-0.167349	0.197554	140	136	102
05.jpg	11	6818	0.253028	-0.232613	97	113	102
05.jpg	14	4920	-0.311761	-0.00253332	150	119	72
05.jpg	18	3356	0.379079	-0.255889	174	192	192
05.jpg	390	8535	-0.187198	0.311948	53	96	131
05.jpg	150	8596	0.283814	-0.235428	164	190	191
05.jpg	153	6776	0.335508	-0.279377	164	183	187
05.jpg	113	7598	-0.151907	0.196736	205	216	215
05.jpg	156	4905	0.234965	-0.307545	152	170	170
05.jpg	159	7487	-0.301632	0.194417	133	166	171
05.jpg	394	4904	0.234965	-0.307545	152	170	170
05.jpg	238	8189	-0.426005	0.281323	53	98	140
05.jpg	279	8645	0.322284	-0.238731	188	208	209
05.jpg	234	8559	-0.00074935	0.329206	139	143	120
05.jpg	236	6904	-0.0636395	0.332052	90	132	146
05.jpg	230	6118	-0.372372	0.208684	64	119	160
05.jpg	46	7047	0.284781	-0.207217	144	165	156
05.jpg	44	5552	-0.44565	0.264066	63	118	159
05.jpg	43	6406	0.343718	-0.28008	186	205	209
05.jpg	40	8589	-0.260983	0.24066	59	104	143
05.jpg	322	8029	-0.187028	0.279954	214	234	235
05.jpg	320	7790	0.263042	-0.199895	136	163	158
05.jpg	5	7586	0.231097	-0.258001	130	161	156
05.jpg	329	6430	0.193816	-0.326387	140	157	156
05.jpg	201	8100	0.276861	-0.233295	180	204	206
05.jpg	144	4583	-0.0856745	0.315196	76	101	107
05.jpg	205	7353	-0.356566	0.255054	135	167	174
05.jpg	204	6159	0.24792	-0.303071	149	167	167
05.jpg	148	8254	-0.313533	0.203443	58	109	156
05.jpg	73	7779	-0.0878323	0.261933	172	198	189
05.jpg	72	4262	-0.375915	0.0036858	50	61	67
05.jpg	485	4401	0.196687	0.234422	93	104	82
05.jpg	484	8012	-0.282267	0.24747	148	172	176
05.jpg	481	6427	0.217985	-0.305919	181	199	203
05.jpg	480	7681	0.199838	0.24258	97	103	83
05.jpg	263	7091	-0.0327565	0.0661029	132	92	56
05.jpg	476	6872	0.264632	-0.210409	72	89	83
05.jpg	474	8527	0.273376	-0.212547	70	89	83
05.jpg	350	7657	0.239132	-0.300002	183	201	201
05.jpg	358	4385	-0.307608	-0.00664559	147	116	69
04.jpg	216	521	-0.276728	-0.146092	139	151	149
04.jpg	214	6395	0.0443422	0.289535	81	69	39
04.jpg	212	4196	0.128499	-0.202495	78	79	61
04.jpg	210	6866	0.215718	0.262228	85	69	33
04.jpg	211	8757	0.128519	0.268796	99	83	49
04.jpg	218	5773	0.451034	0.0902306	58	50	29
04.jpg	219	7598	0.233353	0.190595	86	69	39
04.jpg	133	6906	0.139759	0.267914	84	68	35
04.jpg	132	6991	0.0323325	-0.149917	184	184	182
04.jpg	131	2009	0.0800012	0.233757	109	98	80
04.jpg	136	7958	0.0550931	0.245804	79	71	52
04.jpg	135	5557	0.105679	-0.23869	62	60	45
04.jpg	90	9021	0.339395	0.208015	36	38	35
04.jpg	139	4440	0.183077	0.226172	102	80	43
04.jpg	138	567	0.180573	0.22807	99	80	47
04.jpg	93	6153	0.0757911	0.250661	84	73	55
04.jpg	24	5932	0.107587	-0.227473	80	79	59
04.jpg	26	6852	0.0823413	0.221909	91	80	62
04.jpg	167	5204	0.342631	0.0578963	72	91	103
04.jpg	21	6089	0.218585	0.252384	108	92	53
04.jpg	22	6890	0.0654212	-0.246244	115	113	100
04.jpg	23	5269	0.253392	0.292199	24	36	50
04.jpg	28	5894	-0.0089435	0.26043	90	79	61
04.jpg	289	5510	0.133408	0.345021	34	48	58
04.jpg	288	7781	0.203925	0.201371	97	74	43
04.jpg	346	3511	0.0174968	-0.183948	151	151	143
04.jpg	347	6445	0.19846	0.286954	92	79	48
04.jpg	340	7290	0.141909	0.341336	24	41	48
04.jpg	4	6319	0.0401976	-0.191147	119	120	112
04.jpg	342	530	0.292014	0.133629	38	43	46
04.jpg	400	3821	-0.0821225	0.195106	74	62	46
04.jpg	97	4337	0.19936	-0.132925	145	129	134
04.jpg	283	8180	0.269798	0.269508	84	85	71
04.jpg	163	7860	0.362244	0.254646	60	59	42
04.jpg	348	8274	0.0129781	0.262213	95	84	64
04.jpg	349	7577	0.402601	0.271667	57	60	44
04.jpg	409	2944	0.0310174	-0.239164	141	139	126
04.jpg	408	3560	0.0289319	0.275428	95	84	64
04.jpg	227	3356	0.182634	0.299906	81	68	36
04.jpg	10	7664	0.102897	-0.188337	134	135	130
04.jpg	330	8154	0.0152423	0.271008	83	72	54
04.jpg	121	4409	0.193502	0.206906	87	36	17
04.jpg	122	687	0.235104	0.205736	37	36	42
04.jpg	123	5210	0.0114592	-0.236545	128	126	113
04.jpg	124	2939	0.0886728	0.299543	91	76	45
04.jpg	125	2119	0.190099	-0.135346	48	48	48
04.jpg	126	6793	0.266164	0.27616	23	35	47
04.jpg	129	7798	0.12998	-0.00515854	149	150	198
04.jpg	268	1308	0.108357	-0.215508	101	102	86
04.jpg	91	744	0.12461	0.350549	25	33	41
04.jpg	55	4709	0.0302678	-0.227226	141	139	126
04.jpg	54	8378	0.0507877	-0.203851	143	141	129
04.jpg	57	2774	0.100583	-0.22978	93	93	76
04.jpg	16	837	0.0443304	0.18669	82	70	54
04.jpg	52	8042	0.0430992	-0.252789	150	148	133
04.jpg	378	3460	0.0112962	-0.229117	134	132	119
04.jpg	416	2473	0.349994	0.252265	23	26	30
04.jpg	411	4311	-0.00164771	0.244494	81	70	52
04.jpg	299	5466	0.0996385	0.213519	50	38	23
04.jpg	297	8984	0.369499	0.264641	18	25	33
04.jpg	294	5931	0.107587	-0.227473	80	79	59
04.jpg	372	294	0.190202	0.212972	96	71	39
04.jpg	375	8563	-0.0234186	-0.234594	236	245	242
04.jpg	293	5727	0.0388226	-0.194724	143	143	131
04.jpg	377	7779	0.203925	0.201371	97	74	43
04.jpg	376	6124	0.102621	0.325999	96	77	45
04.jpg	319	4027	0.103933	-0.211928	92	93	88
04.jpg	318	1520	0.14792	0.334647	46	51	34
04.jpg	199	1473	0.095998	-0.129991	175	176	170
04.jpg	147	7364	0.454658	0.106771	128	116	90
04.jpg	195	3408	0.148781	0.281729	99	83	49
04.jpg	197	8698	0.337061	0.256889	20	27	35
04.jpg	310	283	-0.250836	-0.0373945	59	44	8
04.jpg	191	5067	0.116415	0.288134	84	39	18
04.jpg	190	5290	0.113274	-0.20582	69	69	61
04.jpg	193	7181	0.0884091	-0.200358	55	57	52
04.jpg	192	3820	-0.0821225	0.195106	74	62	46
04.jpg	115	6297	0.277083	0.255474	22	32	44
04.jpg	392	3109	-0.0576238	0.177967	94	81	62
04.jpg	88	1991	0.231317	0.132603	14	80	117
04.jpg	116	7965	0.0251718	-0.190322	155	153	141
04.jpg	274	5664	0.216434	0.266547	23	34	46
04.jpg	110	2870	0.0571419	0.227644	80	72	53
04.jpg	69	2472	0.22731	0.163195	83	69	43
04.jpg	80	3722	0.0121776	-0.245495	140	136	123
04.jpg	81	5088	0.0274412	0.255586	88	77	59
04.jpg	86	5082	-0.019997	0.190458	83	72	54
04.jpg	118	7420	0.0381288	-0.186085	159	160	154
04.jpg	174	2837	0.221511	0.201035	99	73	46
04.jpg	141	4861	0.0140933	-0.10274	206	193	176
04.jpg	491	5358	-0.104461	0.184542	83	74	57
04.jpg	3	3470	0.288913	0.26399	24	34	46
04.jpg	7	3859	-0.0935885	0.192684	69	60	43
04.jpg	366	489	0.0584384	-0.20334	129	129	117
04.jpg	423	8342	0.0663019	-0.214583	104	104	94
04.jpg	365	7742	0.370791	0.208729	56	30	25
04.jpg	425	8114	0.34564	0.251619	64	66	43
04.jpg	363	8530	-0.324892	0.15663	21	49	89
04.jpg	427	7649	0.0497195	-0.191898	152	151	146
04.jpg	361	561	0.142974	-0.114938	185	187	184
04.jpg	309	6223	0.0462705	0.256592	95	87	64
04.jpg	448	2639	0.179629	0.2406	110	88	49
04.jpg	443	3892	0.162275	-0.12503	180	179	174
04.jpg	304	6622	0.0356223	0.233245	84	73	55
04.jpg	441	978	0.220788	0.249794	55	52	49
04.jpg	303	6386	0.0300505	-0.145125	168	170	166
04.jpg	447	7982	0.28183	0.260549	81	85	61
04.jpg	446	5120	0.212388	0.191581	81	62	32
04.jpg	306	2560	0.307964	0.247271	30	34	42
04.jpg	307	4549	0.246417	0.0596813	141	103	65
04.jpg	245	7044	-0.252557	-0.153167	189	202	202
04.jpg	381	8561	0.260761	0.191347	81	25	28
04.jpg	108	7582	0.224713	0.197546	77	39	22
04.jpg	109	6539	0.166721	0.281335	87	68	35
04.jpg	241	6689	0.166718	0.242543	73	57	23
04.jpg	385	7085	-0.277629	-0.134366	169	181	179
04.jpg	243	6039	0.133596	0.278983	99	83	47
04.jpg	242	7660	0.0592422	0.294411	85	70	39
04.jpg	102	8270	0.101351	0.251901	96	80	47
04.jpg	101	8135	0.382305	0.260981	59	64	44
04.jpg	106	4956	0.194025	0.0570907	70	74	73
04.jpg	248	1236	0.0943952	-0.119994	178	178	176
04.jpg	104	8474	0.359909	0.12633	84	68	35
04.jpg	105	4070	0.0423556	0.207753	94	83	65
04.jpg	380	2640	0.179629	0.2406	110	88	49
04.jpg	38	8017	0.155562	-0.0700174	172	173	216
04.jpg	32	3532	0.118226	-0.202904	83	85	73
04.jpg	37	7590	0.130011	0.253708	94	73	42
04.jpg	374	8244	0.0798541	0.228761	72	64	45
04.jpg	445	6314	0.178997	0.242536	112	90	49
04.jpg	383	5502	0.159089	0.250021	100	84	51
04.jpg	436	5353	0.138564	-0.177483	80	80	74
04.jpg	437	522	-0.276728	-0.146092	139	151	149
04.jpg	434	2931	0.100924	-0.232582	66	64	49
04.jpg	435	7486	-0.107231	-0.0404927	153	120	108
04.jpg	432	3154	0.0904015	0.248078	76	62	33
04.jpg	339	7651	-0.084514	0.180052	86	74	57
04.jpg	338	5025	0.100471	0.236713	100	85	56
04.jpg	335	4020	0.116211	-0.228821	89	88	68
04.jpg	334	9225	0.0759535	-0.211857	18	19	14
04.jpg	70	7086	-0.277629	-0.134366	169	181	179
04.jpg	455	3496	0.225853	0.178482	77	60	30
04.jpg	456	4297	0.0950943	-0.237457	76	78	67
04.jpg	60	104	0.106488	-0.042239	174	173	215
04.jpg	61	3512	0.0174968	-0.183948	151	151	143
04.jpg	62	6992	0.0323325	-0.149917	184	184	182
04.jpg	63	7366	0.178361	0.311942	29	44	51
04.jpg	64	7793	-0.266293	-0.12541	170	182	182
04.jpg	65	5161	0.0383119	-0.149097	102	103	100
04.jpg	179	3324	0.446432	0.108683	123	111	85
04.jpg	178	8667	0.124428	0.353234	21	36	46
04.jpg	68	3895	0.119863	-0.193289	92	94	89
04.jpg	253	765	0.037291	0.236514	98	87	69
04.jpg	251	5103	0.10744	-0.211379	39	40	33
04.jpg	171	1785	0.234357	0.192981	82	66	43
04.jpg	255	4672	0.287769	-0.233464	117	119	105
04.jpg	407	573	0.350942	0.032113	75	90	104
04.jpg	405	5030	0.0207326	-0.18309	115	114	109
04.jpg	182	4312	-0.00164771	0.244494	81	70	52
04.jpg	183	5576	0.12229	-0.215146	87	86	66
04.jpg	180	3751	0.0377606	-0.145219	175	177	173
04.jpg	2	8216	-0.0735817	0.174226	87	74	57
04.jpg	187	4750	0.0449193	-0.240209	144	142	129
04.jpg	185	5419	0.095839	0.238115	90	76	45
04.jpg	188	1200	0.258004	0.299691	79	85	72
04.jpg	189	6911	0.197232	0.242988	105	83	46
04.jpg	311	7774	0.310764	0.242216	24	31	41
04.jpg	341	5669	0.023529	-0.205415	156	154	142
04.jpg	196	7878	-0.234905	-0.168771	204	218	218
04.jpg	221	5157	0.0622208	0.25786	101	90	72
04.jpg	401	8771	0.299796	0.245907	22	31	43
04.jpg	465	8672	0.108707	0.33092	84	34	15
04.jpg	317	5508	0.0540788	0.270842	79	68	48
04.jpg	466	7083	0.194071	0.291295	90	76	46
04.jpg	402	8210	0.0362362	-0.191453	135	131	125
04.jpg	463	8980	0.389565	0.273464	18	23	27
04.jpg	316	4033	0.102308	0.32226	85	69	36
04.jpg	98	7422	0.148393	0.256121	98	82	49
04.jpg	315	5142	0.0726551	-0.232465	107	108	103
04.jpg	229	8939	0.103185	0.3006	89	74	43
04.jpg	228	4896	0.102859	-0.235897	98	96	81
04.jpg	164	4223	0.18916	-0.131785	173	170	168
04.jpg	165	673	0.219498	0.24248	104	86	48
04.jpg	225	7560	-0.0295514	0.198409	92	84	65
04.jpg	224	2424	0.160733	0.273065	79	63	29
04.jpg	95	5038	0.219908	0.192091	98	74	47
04.jpg	161	8529	-0.324892	0.15663	21	49	89
04.jpg	162	7059	0.440763	0.125491	63	61	38
04.jpg	220	8826	0.141901	0.332147	93	80	48
04.jpg	270	2228	0.347803	0.250163	59	61	49
04.jpg	13	4977	0.445384	0.0945292	66	55	33
04.jpg	15	8608	0.0670965	0.279241	82	67	36
04.jpg	17	8944	0.321501	0.25845	22	29	39
04.jpg	271	7106	-0.200599	-0.0286169	155	118	89
04.jpg	19	8787	0.319009	0.243855	22	29	39
04.jpg	391	7607	0.279012	0.132956	28	44	57
04.jpg	354	6781	0.0227258	0.21833	93	82	64
04.jpg	273	6943	0.214095	0.195736	90	66	38
04.jpg	266	4622	0.0976575	0.262734	91	76	45
04.jpg	397	4917	0.23484	0.199947	82	66	40
04.jpg	388	4644	0.152309	0.280192	98	82	46
04.jpg	396	8945	0.321501	0.25845	22	29	39
04.jpg	151	755	0.211277	0.259254	85	67	31
04.jpg	155	6315	0.198928	0.212175	105	72	42
04.jpg	154	7562	0.0823051	0.251011	106	94	72
04.jpg	157	2423	0.160733	0.273065	79	63	29
04.jpg	277	6597	0.338995	0.123774	20	25	21
04.jpg	239	8926	0.136879	0.256747	90	34	17
04.jpg	237	7927	0.105117	-0.203682	85	86	81
04.jpg	231	2638	0.179629	0.2406	110	88	49
04.jpg	357	599	0.0655596	0.312273	75	60	27
04.jpg	48	2369	0.144229	0.286373	102	86	52
04.jpg	119	3168	0.121357	-0.207616	78	77	57
04.jpg	45	8130	0.254583	0.298779	84	88	67
04.jpg	42	7926	0.105117	-0.203682	85	86	81
04.jpg	355	3777	0.129861	0.2484	89	74	41
04.jpg	323	6838	0.229501	0.230343	23	31	41
04.jpg	321	7966	-0.236136	-0.126686	189	203	203
04.jpg	326	6794	0.266164	0.27616	23	35	47
04.jpg	324	3169	0.121357	-0.207616	78	77	57
04.jpg	9	4811	0.201166	-0.139651	151	117	126
04.jpg	328	7799	0.12998	-0.00515854	149	150	198
04.jpg	333	6703	0.0820004	-0.0895447	174	173	206
04.jpg	200	2733	0.0402803	-0.216557	145	142	129
04.jpg	145	2263	0.218756	0.194767	69	48	21
04.jpg	142	8445	0.211052	0.265072	98	80	44
04.jpg	143	6601	0.187743	0.295566	99	81	45
04.jpg	140	7493	0.135313	-0.202903	128	130	109
04.jpg	206	1002	-0.0869379	0.182615	95	84	67
04.jpg	209	4476	0.0430895	0.230195	97	86	68
04.jpg	475	436	0.182553	0.266315	69	51	15
04.jpg	460	4102	0.19236	-0.138032	197	203	201
04.jpg	77	4548	0.246417	0.0596813	141	103	65
04.jpg	74	3392	0.402759	0.0674351	74	88	89
04.jpg	71	3483	-0.0873352	0.192032	62	54	35
04.jpg	488	5245	0.262602	0.283715	87	94	84
04.jpg	487	8697	0.337061	0.256889	20	27	35
04.jpg	486	9228	0.379378	0.186999	68	52	22
04.jpg	462	5842	0.155779	0.267597	95	80	47
04.jpg	79	2566	0.138207	-0.197475	88	89	74
04.jpg	78	3386	0.104337	-0.225277	119	120	103
04.jpg	451	1558	0.115843	0.278533	96	81	48
04.jpg	404	7301	0.289082	0.190643	67	26	28
04.jpg	472	4177	0.0569297	-0.200697	101	101	95
04.jpg	473	5575	0.195458	-0.146836	203	217	217
04.jpg	470	4570	0.160721	0.268863	79	63	30
04.jpg	471	1328	0.0471814	0.248904	103	95	74
04.jpg	353	3046	0.164073	0.322014	67	67	40
04.jpg	352	836	0.0443304	0.18669	82	70	54
04.jpg	351	2041	0.133916	-0.197482	122	125	109
04.jpg	47	4725	0.0130595	-0.226053	149	147	134
04.jpg	267	4945	0.0862578	0.238269	102	91	71
04.jpg	478	4526	0.148508	0.32625	81	66	33
04.jpg	479	7579	0.203822	0.28528	22	41	49
04.jpg	67	6166	0.213815	0.232855	87	65	28
04.jpg	359	15	0.391594	0.188452	67	55	24
04.jpg	169	629	0.139149	0.339621	71	69	39
02.jpg	217	8537	-0.174065	0.307405	56	104	152
02.jpg	215	8927	0.0767789	0.193966	231	241	233
02.jpg	213	8198	0.269485	-0.35229	172	193	196
02.jpg	264	8593	0.236412	-0.306405	64	84	74
02.jpg	130	7414	0.179426	-0.279354	130	157	152
02.jpg	137	7687	-0.0551515	0.169307	152	140	100
02.jpg	134	9001	-0.0770509	0.298084	36	73	115
02.jpg	490	8776	0.222851	0.203422	70	116	129
02.jpg	492	6871	-0.311731	0.130882	35	46	48
02.jpg	25	6541	0.176899	-0.363868	172	193	196
02.jpg	27	2675	0.208501	-0.272185	85	104	100
02.jpg	29	4951	0.293243	-0.34445	172	193	196
02.jpg	94	8545	0.0799683	0.159591	142	139	104
02.jpg	0	9191	0.117064	0.224313	52	99	138
02.jpg	404	6975	-0.250642	0.124247	85	41	38
02.jpg	403	7360	-0.0322839	0.213417	51	92	117
02.jpg	401	8677	-0.271115	0.0844625	34	51	77
02.jpg	343	8985	-0.321188	0.267784	53	64	56
02.jpg	281	9071	-0.212503	0.283553	45	89	134
02.jpg	8	7543	0.0717413	0.216951	142	142	106
02.jpg	283	7256	-0.253924	0.0554063	110	131	108
02.jpg	163	7544	-0.325747	0.10527	68	84	74
02.jpg	285	9214	-0.0702252	0.326969	31	53	76
02.jpg	284	8929	-0.211543	0.193719	35	74	106
02.jpg	287	6465	0.459267	0.09558	40	60	67
02.jpg	286	8047	-0.351403	0.192759	76	69	40
02.jpg	331	8062	0.0956694	0.231349	147	158	150
02.jpg	301	7154	0.337972	-0.00433484	91	127	140
02.jpg	263	6797	0.199612	-0.0366904	120	84	48
02.jpg	262	8100	0.129228	0.235048	145	154	146
02.jpg	261	5887	0.451554	-0.205172	191	221	231
02.jpg	260	8523	0.294086	0.152185	136	148	127
02.jpg	265	7554	0.183751	-0.276132	65	84	80
02.jpg	127	8526	-0.223519	0.195887	64	85	104
02.jpg	128	8121	-0.0510197	0.33928	124	142	137
02.jpg	332	8724	0.219013	0.219736	77	120	127
02.jpg	59	7708	0.305616	0.0215826	47	77	87
02.jpg	58	8961	0.120147	0.287836	40	84	129
02.jpg	362	7837	-0.305328	0.238889	92	81	50
02.jpg	51	5939	-0.0520618	0.123832	129	95	70
02.jpg	414	387	-0.32512	0.258049	73	67	37
02.jpg	415	8644	0.205609	-0.266342	130	155	153
02.jpg	410	2593	0.216932	-0.265305	111	130	124
02.jpg	412	8601	-0.0739866	0.365347	45	88	139
02.jpg	413	7553	0.183751	-0.276132	65	84	80
02.jpg	296	6897	0.310961	0.0372271	90	102	83
02.jpg	297	8884	-0.335885	0.0997442	24	40	55
02.jpg	373	9148	0.193845	-0.312499	134	169	171
02.jpg	295	9024	0.223029	-0.276591	139	169	169
02.jpg	292	6890	-0.0474718	0.333317	154	175	169
02.jpg	419	8855	0.0335124	-0.0867619	160	159	125
02.jpg	290	7493	-0.0879823	0.309603	141	159	160
02.jpg	291	8608	-0.0406691	0.205835	162	151	109
02.jpg	146	3490	0.156766	-0.266162	69	83	76
02.jpg	199	834	-0.39832	-0.0847592	60	69	61
02.jpg	198	8614	0.0897021	0.18546	202	212	204
02.jpg	313	7514	0.160213	-0.344378	147	168	171
02.jpg	194	9171	-0.272286	0.125367	28	44	59
02.jpg	197	8617	-0.306386	0.0914366	32	47	64
02.jpg	310	401	0.338379	-0.0611722	61	59	23
02.jpg	203	6133	0.266239	0.1847	81	125	133
02.jpg	314	8804	-0.18885	-0.222922	170	189	196
02.jpg	270	1625	-0.312737	0.102081	78	90	82
02.jpg	114	8738	0.058758	0.290813	47	98	145
02.jpg	117	7087	0.347953	-0.122654	91	111	109
02.jpg	89	8943	0.202963	-0.300182	177	194	188
02.jpg	275	8715	-0.225619	0.275917	69	104	123
02.jpg	113	6804	0.0885543	0.15191	205	212	209
02.jpg	277	7453	-0.284224	0.231992	21	36	41
02.jpg	82	8965	0.103549	0.20537	219	232	223
02.jpg	83	9213	-0.0702252	0.326969	31	53	76
02.jpg	399	7020	0.18368	-0.311925	163	192	188
02.jpg	398	8066	0.0710837	0.0789379	20	31	39
02.jpg	175	8162	0.2246	0.212902	154	175	165
02.jpg	84	6464	0.459267	0.09558	40	60	67
02.jpg	85	6391	0.201948	-0.280638	65	88	82
02.jpg	379	1857	0.240398	-0.360099	159	184	188
02.jpg	173	7014	0.173869	-0.323749	71	97	88
02.jpg	172	6889	-0.0474718	0.333317	154	175	169
02.jpg	429	5259	0.173554	-0.366988	133	154	157
02.jpg	428	8730	-0.126757	0.332182	41	87	137
02.jpg	368	7764	-0.310502	0.254735	52	62	63
02.jpg	369	6842	0.266714	0.176407	76	118	133
02.jpg	421	6801	-0.227673	0.189611	49	68	82
02.jpg	420	7936	0.164419	0.246035	142	163	152
02.jpg	422	7430	0.171638	-0.290552	117	148	140
02.jpg	425	7710	-0.311391	0.100025	83	95	78
02.jpg	424	6167	-0.011614	0.274083	43	90	139
02.jpg	360	8926	0.0860384	0.17056	212	222	213
02.jpg	426	7935	0.259715	-0.33641	151	175	179
02.jpg	308	6974	0.186263	-0.327856	124	160	153
02.jpg	449	7322	0.0152003	0.180382	147	135	95
02.jpg	345	6747	-0.0561438	-0.0158872	167	124	73
02.jpg	300	6910	-0.111413	0.148353	210	243	254
02.jpg	442	7412	-0.27008	0.0747861	97	120	101
02.jpg	302	5686	-0.298983	0.231671	85	84	53
02.jpg	440	8847	0.125992	0.310175	41	89	133
02.jpg	305	8514	-0.31925	0.25802	86	78	48
02.jpg	444	4939	0.0333282	-0.0409117	190	162	128
02.jpg	244	5878	-0.359294	0.203293	23	24	18
02.jpg	247	5290	-0.0673776	-0.0679547	57	46	36
02.jpg	384	7705	0.273912	0.16133	79	123	136
02.jpg	240	7506	0.0167384	0.321676	45	93	141
02.jpg	386	8311	0.0417768	0.222844	56	97	140
02.jpg	370	8703	0.214	-0.321987	95	135	135
02.jpg	103	8630	-0.0765555	0.282211	176	189	181
02.jpg	101	7820	-0.343854	0.109501	70	86	73
02.jpg	249	7648	0.22455	-0.357093	157	181	183
02.jpg	107	9319	-0.267159	0.230334	49	66	74
02.jpg	104	8400	-0.308494	0.247092	93	84	54
02.jpg	39	5904	0.215093	-0.277353	139	166	161
02.jpg	381	8467	-0.226291	0.109525	113	46	52
02.jpg	33	7701	-0.242781	0.318159	77	115	138
02.jpg	418	8862	0.227779	-0.331376	179	202	196
02.jpg	31	8131	-0.0237207	0.228344	54	101	145
02.jpg	30	8731	-0.126757	0.332182	41	87	137
02.jpg	36	8471	-0.0318223	0.302436	154	176	162
02.jpg	35	8254	0.225452	-0.248496	103	119	119
02.jpg	34	7135	-0.0107459	0.281141	56	107	154
02.jpg	438	8057	0.167828	-0.36351	174	196	194
02.jpg	439	9004	0.185598	0.248101	73	119	134
02.jpg	433	8840	0.0189167	0.215697	159	151	112
02.jpg	430	6215	0.184349	-0.27093	115	138	136
02.jpg	431	5823	-0.328884	0.167706	83	79	40
02.jpg	458	7950	0.185175	-0.300506	89	109	97
02.jpg	459	8577	-0.0433621	0.302174	41	89	137
02.jpg	450	7428	-0.263844	0.00119185	29	57	81
02.jpg	337	8960	0.120147	0.287836	40	84	129
02.jpg	453	8203	0.0934528	0.194879	220	230	223
02.jpg	454	6632	0.206723	-0.0427324	132	93	54
02.jpg	457	8122	0.234422	0.175009	76	124	138
02.jpg	60	3212	-0.420867	-0.00782058	54	58	43
02.jpg	258	8193	0.0205855	0.347639	55	101	150
02.jpg	259	6685	0.158214	-0.329655	151	172	175
02.jpg	66	9062	-0.0908216	0.351781	54	102	151
02.jpg	389	9057	-0.0487024	0.255361	37	79	121
02.jpg	252	7079	-0.0611021	-0.0206528	192	149	102
02.jpg	176	7180	0.182629	-0.35266	137	158	161
02.jpg	250	7651	-0.269375	0.00715572	35	61	88
02.jpg	256	4432	-0.237179	-0.074746	73	30	41
02.jpg	257	8928	0.0767789	0.193966	231	241	233
02.jpg	254	8991	-0.0476791	0.35247	46	87	131
02.jpg	255	3947	-0.108655	0.0940889	5	84	130
02.jpg	272	9077	-0.201426	0.256153	47	91	135
02.jpg	406	8323	0.180968	0.169994	208	225	219
02.jpg	371	8716	0.0612341	0.223161	51	93	133
02.jpg	181	7196	0.217098	0.214886	80	114	117
02.jpg	186	6191	0.166683	-0.344102	174	196	193
02.jpg	184	8516	-0.0607723	-0.00398776	193	153	104
02.jpg	312	8920	-0.0651954	0.273679	43	86	131
02.jpg	468	9218	0.213542	0.173279	211	227	225
02.jpg	467	8581	0.0682276	0.185519	160	150	114
02.jpg	6	9350	-0.158757	0.181554	40	90	130
02.jpg	461	7267	0.246154	-0.344487	161	187	188
02.jpg	463	8719	-0.353068	0.103545	25	39	52
02.jpg	99	827	0.375786	-0.289055	97	117	115
02.jpg	168	8263	-0.298254	-0.0117207	34	56	79
02.jpg	280	7052	-0.47148	-0.114884	105	135	127
02.jpg	226	3572	0.17253	-0.319646	115	147	138
02.jpg	166	6880	0.229495	-0.29403	177	197	186
02.jpg	92	4624	0.225732	-0.29659	74	94	85
02.jpg	160	7144	0.082223	-0.336469	30	39	36
02.jpg	222	1152	0.224429	-0.283178	98	127	122
02.jpg	387	856	0.211814	-0.270635	129	148	144
02.jpg	96	4276	0.160786	-0.264648	69	84	77
02.jpg	11	6902	0.193094	-0.299228	74	94	83
02.jpg	393	6070	0.441379	0.0734468	23	42	49
02.jpg	12	8588	0.0598552	0.257857	36	83	129
02.jpg	14	14	-0.0712903	0.0214544	47	35	25
02.jpg	17	8809	-0.294293	0.0837136	32	48	73
02.jpg	271	3110	0.20678	0.0321498	178	147	109
02.jpg	18	4535	0.298748	-0.346437	158	179	182
02.jpg	391	8485	-0.222132	0.180439	37	66	93
02.jpg	349	7102	-0.361049	0.110504	73	86	80
02.jpg	390	9120	0.154817	0.237005	54	96	138
02.jpg	396	8808	-0.294293	0.0837136	32	48	73
02.jpg	150	9116	0.218781	-0.308043	134	168	167
02.jpg	153	7160	0.255484	-0.352199	151	175	177
02.jpg	152	7844	0.215731	-0.283729	75	96	91
02.jpg	276	8191	0.195667	-0.252733	83	103	101
02.jpg	156	4207	0.171314	-0.35192	134	158	160
02.jpg	159	8228	-0.0320436	0.222705	141	151	155
02.jpg	158	2880	-0.24374	0.316612	83	121	144
02.jpg	394	4206	0.171314	-0.35192	134	158	160
02.jpg	382	6262	-0.330749	-0.00659499	82	107	85
02.jpg	282	603	-0.309872	0.102363	30	41	43
02.jpg	278	6879	0.229495	-0.29403	177	197	186
02.jpg	90	9112	-0.299584	0.133265	45	54	61
02.jpg	279	9234	0.2501	-0.316659	176	197	200
02.jpg	234	8848	0.28144	0.163008	142	150	129
02.jpg	235	5693	0.228234	-0.288562	98	119	110
02.jpg	236	7434	0.248598	0.191863	81	130	145
02.jpg	230	7579	-0.0798087	0.272253	50	98	147
02.jpg	232	7240	-0.0397088	0.330794	44	92	140
02.jpg	233	8472	-0.0318223	0.302436	154	176	162
02.jpg	49	1776	0.389628	-0.109785	101	81	69
02.jpg	46	7542	0.220932	-0.2867	142	170	158
02.jpg	44	7465	-0.0982655	0.353325	53	101	150
02.jpg	43	7520	0.261537	-0.35377	172	193	198
02.jpg	40	9177	0.0455725	0.231956	52	96	143
02.jpg	320	8393	0.203482	-0.275103	118	153	147
02.jpg	5	7667	0.173819	-0.315893	115	150	144
02.jpg	327	8322	-0.325153	-0.0118944	29	50	71
02.jpg	325	7170	-0.248944	0.0421638	119	132	116
02.jpg	329	7001	0.135911	-0.35796	127	146	150
02.jpg	201	8597	0.213446	-0.305772	160	191	193
02.jpg	144	6394	0.22301	0.192311	70	101	111
02.jpg	202	7552	0.104766	0.193864	199	212	203
02.jpg	205	7901	-0.023511	0.291906	153	168	161
02.jpg	204	7181	0.182629	-0.35266	137	158	161
02.jpg	177	9182	0.179807	-0.331466	63	83	72
02.jpg	148	8981	-0.0355954	0.235658	50	97	141
02.jpg	149	7730	0.0852452	-0.341806	178	191	191
02.jpg	76	5869	0.212665	-0.267808	70	89	83
02.jpg	75	5261	-0.326497	0.264212	52	52	28
02.jpg	73	8255	0.183913	0.162416	140	172	161
02.jpg	489	7402	-0.0450438	0.326336	149	172	159
02.jpg	487	8618	-0.306386	0.0914366	32	47	64
02.jpg	485	2660	0.324315	0.0412029	95	105	88
02.jpg	484	8683	0.0316551	0.246527	172	183	169
02.jpg	483	2926	0.422422	-0.0976614	113	137	139
02.jpg	482	6872	-0.101483	0.342469	48	97	146
02.jpg	481	6498	0.15829	-0.349562	167	188	191
02.jpg	480	7700	0.332186	0.0451972	97	108	93
02.jpg	170	6559	0.105345	0.214476	84	116	127
02.jpg	356	6831	0.426302	-0.209192	102	128	129
02.jpg	476	7995	0.202075	-0.28457	58	77	71
02.jpg	477	8310	0.0250339	0.256249	57	103	152
02.jpg	474	9076	0.211351	-0.2882	55	76	69
02.jpg	350	8055	0.175241	-0.347656	171	193	191
02.jpg	358	3975	-0.0716079	0.0159505	43	27	10
